dataset,video_id,video,video_width,video_height,video_length,track,track_length,track_length_visible,presence_ratio,occlusion_percentage,number_of_occlusions,avg_occlusion_length,max_occlusion_length,min_occlusion_length,avg_speed,number_of_abrupt_motion_changes,min_scale,max_scale,avg_scale,number_of_scale_changes,avg_scale_change
DANCETRACK,1,dancetrack0030,1920,1080,1263,1,1263.0,1261,1.0,0.1583531274742676,1,2.0,2.0,2.0,0.001695895022913579,161,0.00392650462962963,0.020104166666666666,0.010284504462581138,136,0.0005222483251273761
DANCETRACK,1,dancetrack0030,1920,1080,1263,2,1263.0,1263,1.0,0.0,0,0.0,0.0,0.0,0.0027376517243453123,161,0.006265432098765432,0.03763888888888889,0.01763507439297968,150,0.0010354298579317563
DANCETRACK,1,dancetrack0030,1920,1080,1263,3,1263.0,1263,1.0,0.0,0,0.0,0.0,0.0,0.0025056632281366038,160,0.005509259259259259,0.03502025462962963,0.01588913494105745,175,0.0010035801368589931
DANCETRACK,1,dancetrack0030,1920,1080,1263,4,1263.0,1259,1.0,0.3167062549485352,1,4.0,4.0,4.0,0.002179528517259782,153,0.005416666666666667,0.02625289351851852,0.01350021894826386,145,0.0007829946214596949
DANCETRACK,1,dancetrack0030,1920,1080,1263,5,1263.0,1263,1.0,0.0,0,0.0,0.0,0.0,0.0025020849378783426,157,0.005316840277777778,0.0296875,0.01371651643891186,169,0.0008479293229441803
DANCETRACK,1,dancetrack0030,1920,1080,1263,6,1263.0,1263,1.0,0.0,0,0.0,0.0,0.0,0.0021247447257234063,182,0.004702449845679012,0.026354166666666668,0.011535695815982914,164,0.0006818267624630706
DANCETRACK,2,dancetrack0014,1920,1080,1203,7,1203.0,1046,1.0,13.050706566916043,9,17.444444444444443,80.0,1.0,0.0022391280049616747,124,0.005694444444444445,0.037939814814814815,0.013832902348452658,112,0.0009430082993679485
DANCETRACK,2,dancetrack0014,1920,1080,1203,8,1203.0,1138,1.0,5.403158769742311,5,13.0,48.0,1.0,0.0025419060655798827,142,0.0058087384259259255,0.042578125,0.017330894861707784,132,0.0011900593769341022
DANCETRACK,2,dancetrack0014,1920,1080,1203,9,1203.0,937,1.0,22.111388196176225,16,16.625,93.0,1.0,0.002351131123117302,71,0.004759837962962963,0.032848668981481484,0.012108367775570842,109,0.0008633030956526328
DANCETRACK,2,dancetrack0014,1920,1080,1203,10,1203.0,886,1.0,26.350789692435576,19,16.68421052631579,63.0,1.0,0.0023730460000628063,39,0.00492283950617284,0.02974537037037037,0.011208216525757323,95,0.0008049757620143685
DANCETRACK,2,dancetrack0014,1920,1080,1203,11,1203.0,1050,1.0,12.718204488778055,8,19.125,63.0,1.0,0.0022739863322237368,60,0.005745081018518518,0.03474633487654321,0.013869908325984715,127,0.0008606631536207322
DANCETRACK,2,dancetrack0014,1920,1080,1203,12,1203.0,1150,1.0,4.405652535328346,7,7.571428571428571,31.0,2.0,0.0024313743298557734,66,0.006712962962962963,0.03858410493827161,0.01650649951355341,155,0.0010268708565687823
DANCETRACK,2,dancetrack0014,1920,1080,1203,13,1202.0,1120,0.999168744804655,6.821963394342761,7,11.714285714285714,58.0,1.0,0.002484377128107746,74,0.007570408950617284,0.03898051697530864,0.016163241378003748,130,0.0010428621716369333
DANCETRACK,2,dancetrack0014,1920,1080,1203,14,1203.0,1040,1.0,13.549459684123025,13,12.538461538461538,55.0,2.0,0.0024060919050829825,64,0.004918981481481482,0.035223765432098764,0.014892781691447057,115,0.0009262415487351324
DANCETRACK,2,dancetrack0014,1920,1080,1203,15,1203.0,1049,1.0,12.801330008312553,11,14.0,54.0,1.0,0.0023966767616911185,27,0.004660493827160494,0.0482079475308642,0.012538353601754757,103,0.0008123764916713788
DANCETRACK,2,dancetrack0014,1920,1080,1203,16,1202.0,1115,0.999168744804655,7.23793677204659,12,7.25,25.0,1.0,0.00268323491669673,84,0.005992476851851852,0.041929976851851854,0.01578924631844101,133,0.0011197743505773877
DANCETRACK,2,dancetrack0014,1920,1080,1203,17,1203.0,1139,1.0,5.320033250207814,10,6.4,19.0,1.0,0.002393085653784534,68,0.00537085262345679,0.05863715277777778,0.017896887515716626,118,0.0011065102132558743
DANCETRACK,2,dancetrack0014,1920,1080,1203,18,1200.0,985,0.9975062344139651,17.916666666666668,10,21.5,71.0,2.0,0.002750091546432058,86,0.0038888888888888888,0.045493344907407404,0.014685465234693237,105,0.0011313873049031416
DANCETRACK,3,dancetrack0004,1920,1080,1203,19,1192.0,1087,0.9908561928512053,8.808724832214764,10,10.5,28.0,1.0,0.004705405311711216,86,0.007494212962962963,0.304380787037037,0.06627038107133122,95,0.004066616025651957
DANCETRACK,3,dancetrack0004,1920,1080,1203,20,1203.0,1107,1.0,7.98004987531172,9,10.666666666666666,29.0,1.0,0.004603546616703441,112,0.010734953703703703,0.17624228395061728,0.059226029974098614,115,0.0036187696040676
DANCETRACK,3,dancetrack0004,1920,1080,1203,21,1203.0,1191,1.0,0.997506234413965,3,4.0,6.0,1.0,0.004118109573825652,152,0.0129296875,0.18444444444444444,0.061854601625747636,113,0.003722492527103434
DANCETRACK,3,dancetrack0004,1920,1080,1203,22,1203.0,1201,1.0,0.1662510390689942,2,1.0,1.0,1.0,0.0045437586851777125,114,0.009885223765432098,0.23426697530864196,0.06577782483861186,102,0.003938816550925926
DANCETRACK,4,dancetrack0019,1280,720,2402,23,2402.0,2382,1.0,0.832639467110741,6,3.3333333333333335,6.0,2.0,0.004658061149595899,297,0.003515625,0.10931640625,0.029921081924474062,252,0.0019087638429523075
DANCETRACK,4,dancetrack0019,1280,720,2402,24,2402.0,2346,1.0,2.3313905079100747,7,8.0,27.0,2.0,0.004861477481453358,178,0.005247395833333333,0.102900390625,0.02790168012781804,233,0.0020934186952144044
DANCETRACK,4,dancetrack0019,1280,720,2402,25,2402.0,2402,1.0,0.0,0,0.0,0.0,0.0,0.005274669488643593,329,0.008181423611111112,0.15745659722222222,0.03861015297943265,282,0.0026250410346961915
DANCETRACK,4,dancetrack0019,1280,720,2402,26,2402.0,2394,1.0,0.33305578684429643,1,8.0,8.0,8.0,0.0049341095846052495,244,0.007885199652777777,0.1283029513888889,0.032465302253028405,219,0.002263954546245995
DANCETRACK,4,dancetrack0019,1280,720,2402,27,2402.0,2333,1.0,2.8726061615320564,9,7.666666666666667,31.0,1.0,0.00540771607648229,210,0.005379774305555555,0.11380208333333333,0.03262281469897486,264,0.00237882119395607
DANCETRACK,4,dancetrack0019,1280,720,2402,28,2402.0,2390,1.0,0.4995836802664446,2,6.0,8.0,4.0,0.004933227659077521,305,0.005628255208333334,0.14731011284722223,0.03140320136346467,223,0.0021881722071066464
DANCETRACK,4,dancetrack0019,1280,720,2402,29,2402.0,2257,1.0,6.036636136552873,12,12.083333333333334,28.0,1.0,0.004971600236850309,130,0.006822916666666666,0.10777777777777778,0.03016699348554497,211,0.0021150239985039893
DANCETRACK,5,dancetrack0065,1920,1080,702,30,702.0,702,1.0,0.0,0,0.0,0.0,0.0,0.005850998420835179,100,0.006666666666666667,0.0699098186728395,0.027290267308351795,99,0.002264679068482415
DANCETRACK,5,dancetrack0065,1920,1080,702,31,702.0,702,1.0,0.0,0,0.0,0.0,0.0,0.005433420964895657,75,0.010127314814814815,0.07029803240740741,0.029819124178933204,82,0.0023854501010461245
DANCETRACK,5,dancetrack0065,1920,1080,702,32,702.0,700,1.0,0.2849002849002849,1,2.0,2.0,2.0,0.004960133765943926,89,0.009631076388888889,0.06319444444444444,0.02634502521494709,84,0.0021815418631554776
DANCETRACK,5,dancetrack0065,1920,1080,702,33,702.0,701,1.0,0.14245014245014245,1,1.0,1.0,1.0,0.006025529601708874,85,0.008854166666666666,0.06876157407407407,0.027766063361864005,97,0.002907620976631393
DANCETRACK,5,dancetrack0065,1920,1080,702,34,702.0,700,1.0,0.2849002849002849,1,2.0,2.0,2.0,0.006655189383742956,93,0.006981095679012346,0.0677686149691358,0.029299690669091712,95,0.002679840385957011
DANCETRACK,6,dancetrack0005,1920,1080,1203,35,1203.0,1203,1.0,0.0,0,0.0,0.0,0.0,0.005156855904836889,133,0.01379002700617284,0.41099537037037037,0.09722582969979886,108,0.005373698799326225
DANCETRACK,6,dancetrack0005,1920,1080,1203,36,1200.0,1174,0.9975062344139651,2.166666666666667,5,5.2,16.0,1.0,0.004519971581496925,135,0.01441550925925926,0.3987012924382716,0.08219613044066924,92,0.004895313667603381
DANCETRACK,6,dancetrack0005,1920,1080,1203,37,1203.0,1165,1.0,3.158769742310889,2,19.0,30.0,8.0,0.0042916359182248835,104,0.013315007716049383,0.22105082947530863,0.06735725391432205,118,0.0031503083436744306
DANCETRACK,6,dancetrack0005,1920,1080,1203,38,1203.0,1197,1.0,0.4987531172069825,3,2.0,4.0,1.0,0.004998948513359636,126,0.0234375,0.21276041666666667,0.07903436091514796,116,0.004585653470673851
DANCETRACK,7,dancetrack0097,1920,1080,1203,39,1203.0,1148,1.0,4.57190357439734,3,18.333333333333332,40.0,2.0,0.003922011807792219,120,0.015363136574074074,0.16413194444444446,0.06958589288738869,129,0.004004816308243728
DANCETRACK,7,dancetrack0097,1920,1080,1203,40,1203.0,1153,1.0,4.156275976724855,3,16.666666666666668,30.0,2.0,0.003502523304686145,143,0.02293306327160494,0.14474537037037036,0.06589874241110147,125,0.0032512284895029582
DANCETRACK,7,dancetrack0097,1920,1080,1203,41,1203.0,1193,1.0,0.8312551953449709,3,3.3333333333333335,4.0,3.0,0.003973053184972535,131,0.01890625,0.2233275462962963,0.07771970084300911,114,0.0041902290993454305
DANCETRACK,7,dancetrack0097,1920,1080,1203,42,1203.0,1174,1.0,2.4106400665004157,4,7.25,16.0,2.0,0.0034986468797350546,109,0.016962770061728395,0.18723234953703705,0.06152906556604518,131,0.0032466280929978
DANCETRACK,8,dancetrack0018,1920,1080,503,43,503.0,503,1.0,0.0,0,0.0,0.0,0.0,0.003914682038355994,66,0.07994309413580247,0.2300829475308642,0.1390763559077633,60,0.005305957881437214
DANCETRACK,8,dancetrack0018,1920,1080,503,44,503.0,503,1.0,0.0,0,0.0,0.0,0.0,0.0030319415962788716,54,0.05527006172839506,0.18032407407407408,0.09813350414488377,45,0.00280801370136737
DANCETRACK,8,dancetrack0018,1920,1080,503,45,503.0,503,1.0,0.0,0,0.0,0.0,0.0,0.0030985263833352094,55,0.06772569444444444,0.19220775462962963,0.11989390432098765,61,0.0035097611098814617
DANCETRACK,8,dancetrack0018,1920,1080,503,46,503.0,503,1.0,0.0,0,0.0,0.0,0.0,0.0032676309148600936,52,0.038998360339506176,0.15687885802469137,0.09862586249478437,57,0.003085374551178005
DANCETRACK,8,dancetrack0018,1920,1080,503,47,503.0,503,1.0,0.0,0,0.0,0.0,0.0,0.0036069160026292323,58,0.11133632330246913,0.283227237654321,0.16621225386876273,49,0.005561191768420147
DANCETRACK,8,dancetrack0018,1920,1080,503,48,466.0,112,0.9264413518886679,75.9656652360515,5,70.8,133.0,1.0,0.002353175935485755,6,0.01339891975308642,0.029652777777777778,0.019909233079805997,4,0.0007333635719052388
DANCETRACK,8,dancetrack0018,1920,1080,503,49,440.0,177,0.8747514910536779,59.77272727272728,9,29.22222222222222,115.0,4.0,0.001731553187976522,11,0.014778163580246913,0.027133969907407407,0.018978865871521238,14,0.0004680046997755332
DANCETRACK,8,dancetrack0018,1920,1080,503,50,480.0,131,0.9542743538767395,72.70833333333333,8,43.625,178.0,1.0,0.002403805949501251,9,0.011067708333333334,0.02148148148148148,0.017609206395485816,8,0.0004271130104463438
DANCETRACK,9,dancetrack0081,1280,720,984,51,984.0,984,1.0,0.0,0,0.0,0.0,0.0,0.0013666268510443371,119,0.005620659722222222,0.021048177083333335,0.009547448851767162,104,0.00029425140584378884
DANCETRACK,9,dancetrack0081,1280,720,984,52,984.0,954,1.0,3.048780487804878,1,30.0,30.0,30.0,0.001377714388949411,74,0.0025824652777777777,0.024557291666666668,0.010399229350468785,90,0.00037112335315378335
DANCETRACK,9,dancetrack0081,1280,720,984,53,984.0,979,1.0,0.5081300813008129,1,5.0,5.0,5.0,0.0006441668916731483,83,0.006636284722222222,0.012950303819444444,0.009806691387186471,105,0.00014013039472563055
DANCETRACK,9,dancetrack0081,1280,720,984,54,984.0,974,1.0,1.0162601626016259,3,3.3333333333333335,7.0,1.0,0.0007384400204404776,97,0.006226128472222222,0.012586805555555556,0.00830361423931953,116,0.0001512004681968711
DANCETRACK,9,dancetrack0081,1280,720,984,55,984.0,975,1.0,0.9146341463414633,4,2.25,4.0,1.0,0.0034336547326860164,100,0.0026095920138888887,0.026753472222222224,0.009514571091524218,112,0.0007708025859856262
DANCETRACK,9,dancetrack0081,1280,720,984,56,969.0,960,0.9847560975609756,0.9287925696594427,3,3.0,4.0,2.0,0.003084844687651728,90,0.002875434027777778,0.022957899305555557,0.010889547842520254,115,0.0008060131176862473
DANCETRACK,9,dancetrack0081,1280,720,984,57,984.0,969,1.0,1.524390243902439,2,7.5,10.0,5.0,0.0026585724089098852,106,0.0060546875,0.038379991319444445,0.013503407050868593,93,0.0008393606250717402
DANCETRACK,9,dancetrack0081,1280,720,984,58,984.0,972,1.0,1.2195121951219512,3,4.0,8.0,2.0,0.0036901816199434822,86,0.0018055555555555555,0.03457139756944445,0.01138359526820416,100,0.0009322512140262045
DANCETRACK,9,dancetrack0081,1280,720,984,59,984.0,966,1.0,1.8292682926829267,8,2.25,4.0,1.0,0.002379168312199198,96,0.0043055555555555555,0.037621527777777775,0.011992996247412006,88,0.0008187158175014392
DANCETRACK,9,dancetrack0081,1280,720,984,60,984.0,981,1.0,0.3048780487804878,2,1.5,2.0,1.0,0.0025364153623585327,109,0.0035872395833333333,0.03470052083333333,0.01208802424007532,95,0.0007870086185515872
DANCETRACK,9,dancetrack0081,1280,720,984,61,984.0,946,1.0,3.861788617886179,2,19.0,36.0,2.0,0.0022427625001487416,82,0.0049446614583333335,0.03713975694444444,0.012092793854240075,92,0.0007603121784979423
DANCETRACK,9,dancetrack0081,1280,720,984,62,984.0,929,1.0,5.589430894308943,3,18.333333333333332,49.0,3.0,0.0028810473026248387,97,0.0035872395833333333,0.03375651041666667,0.012215311182499104,93,0.0008680672481142242
DANCETRACK,9,dancetrack0081,1280,720,984,63,984.0,980,1.0,0.40650406504065045,1,4.0,4.0,4.0,0.0028378192625394946,111,0.005486111111111111,0.037505425347222225,0.0128308664611678,98,0.0008442028696373852
DANCETRACK,9,dancetrack0081,1280,720,984,64,984.0,982,1.0,0.20325203252032523,1,2.0,2.0,2.0,0.0026557216411626145,101,0.0034505208333333332,0.030815972222222224,0.012918881003903596,99,0.0008562127028117566
DANCETRACK,9,dancetrack0081,1280,720,984,65,984.0,858,1.0,12.804878048780488,9,14.0,71.0,1.0,0.0025463630478526423,77,0.003463541666666667,0.03696614583333333,0.010694589879160193,76,0.000770191660994425
DANCETRACK,9,dancetrack0081,1280,720,984,66,984.0,954,1.0,3.048780487804878,4,7.5,17.0,1.0,0.0027697843386082642,68,0.003498263888888889,0.029000651041666665,0.011948764249213838,107,0.0008685155430220356
DANCETRACK,9,dancetrack0081,1280,720,984,67,984.0,940,1.0,4.471544715447155,8,5.5,11.0,1.0,0.003700337012207178,91,0.002750651041666667,0.02255859375,0.009963226534796098,102,0.0008109270537510353
DANCETRACK,9,dancetrack0081,1280,720,984,68,984.0,753,1.0,23.47560975609756,7,33.0,177.0,1.0,0.002947377393090555,70,0.004436848958333333,0.03337456597222222,0.011901914909805224,83,0.0009027344904329196
DANCETRACK,9,dancetrack0081,1280,720,984,69,984.0,933,1.0,5.182926829268292,9,5.666666666666667,16.0,1.0,0.004082806903033861,95,0.0027083333333333334,0.024164496527777777,0.010163239568447065,98,0.0009395688502175728
DANCETRACK,9,dancetrack0081,1280,720,984,70,984.0,820,1.0,16.666666666666664,7,23.428571428571427,130.0,1.0,0.0031618655048550478,51,0.00484375,0.029348958333333335,0.011039657964939022,91,0.0008175196716863383
DANCETRACK,10,dancetrack0058,1920,1080,1601,71,1601.0,1601,1.0,0.0,0,0.0,0.0,0.0,0.002815556048343632,213,0.018411458333333332,0.09777199074074074,0.046360465175122025,207,0.0018446876808449076
DANCETRACK,10,dancetrack0058,1920,1080,1601,72,1601.0,1584,1.0,1.061836352279825,3,5.666666666666667,8.0,2.0,0.0029662795168421104,157,0.015494791666666667,0.13315972222222222,0.039263293257614726,137,0.0017744643974754917
DANCETRACK,10,dancetrack0058,1920,1080,1601,73,1601.0,1601,1.0,0.0,0,0.0,0.0,0.0,0.002525805565634357,208,0.011059027777777777,0.07569444444444444,0.03358905789735967,186,0.001519015239197531
DANCETRACK,10,dancetrack0058,1920,1080,1601,74,1601.0,1596,1.0,0.3123048094940662,2,2.5,4.0,1.0,0.002577473496539143,190,0.017448881172839506,0.08595775462962962,0.038403232836141284,178,0.001571236793219552
DANCETRACK,10,dancetrack0058,1920,1080,1601,75,1601.0,1601,1.0,0.0,0,0.0,0.0,0.0,0.002851776496543406,210,0.01890625,0.09808545524691357,0.03897240964125431,164,0.0017714988425925925
DANCETRACK,10,dancetrack0058,1920,1080,1601,76,1601.0,1598,1.0,0.18738288569643974,1,3.0,3.0,3.0,0.002603584177855053,177,0.018125,0.0975,0.039023713935436265,174,0.0015242008912351092
DANCETRACK,10,dancetrack0058,1920,1080,1601,77,1601.0,1469,1.0,8.244846970643348,5,26.4,94.0,3.0,0.003033537417598728,170,0.011641589506172839,0.08304976851851852,0.04017178058475993,179,0.001818529740429576
DANCETRACK,11,dancetrack0034,1920,1080,923,78,923.0,851,1.0,7.8006500541711805,2,36.0,38.0,34.0,0.004294403362509654,89,0.009992283950617284,0.13747878086419754,0.0461322622441282,77,0.002269163035584604
DANCETRACK,11,dancetrack0034,1920,1080,923,79,916.0,793,0.9924160346695557,13.427947598253276,5,24.6,43.0,8.0,0.0035843434029471117,80,0.007244405864197531,0.09873070987654321,0.04084333719622312,70,0.0019384893495136555
DANCETRACK,11,dancetrack0034,1920,1080,923,80,897.0,787,0.971830985915493,12.263099219620958,14,7.857142857142857,28.0,2.0,0.003647393325056554,60,0.008174189814814815,0.075625,0.03312365312289206,81,0.0015506755960795402
DANCETRACK,11,dancetrack0034,1920,1080,923,81,923.0,909,1.0,1.5167930660888407,2,7.0,7.0,7.0,0.0039054790295423233,72,0.01599392361111111,0.1793581211419753,0.050426699546883696,93,0.0024109138334828958
DANCETRACK,11,dancetrack0034,1920,1080,923,82,923.0,888,1.0,3.791982665222102,4,8.75,17.0,1.0,0.004349454261879512,78,0.018597608024691358,0.18425925925925926,0.06344622671716856,74,0.0025863553801828885
DANCETRACK,11,dancetrack0034,1920,1080,923,83,907.0,901,0.9826652221018418,0.6615214994487321,3,2.0,3.0,1.0,0.004034663561772771,91,0.016473765432098764,0.3070601851851852,0.06941509284094491,76,0.003105703446502058
DANCETRACK,11,dancetrack0034,1920,1080,923,84,908.0,496,0.9837486457204767,45.37444933920705,5,82.4,245.0,4.0,0.003685239707556135,20,0.006209490740740741,0.12427324459876543,0.046264997487617,43,0.002116565929355281
DANCETRACK,11,dancetrack0034,1920,1080,923,85,923.0,879,1.0,4.7670639219935,5,8.8,21.0,1.0,0.0033463469874692496,85,0.0102734375,0.13576388888888888,0.042519432769420926,86,0.0017605313528220702
DANCETRACK,11,dancetrack0034,1920,1080,923,86,923.0,874,1.0,5.308775731310942,6,8.166666666666666,23.0,2.0,0.004356817015621437,70,0.01502218364197531,0.22014564043209878,0.06829986364487103,85,0.0030217188450143537
DANCETRACK,11,dancetrack0034,1920,1080,923,87,923.0,901,1.0,2.38353196099675,4,5.5,17.0,1.0,0.004105259235994188,91,0.01630642361111111,0.1708478009259259,0.06313823118345871,85,0.0024209742584019203
DANCETRACK,11,dancetrack0034,1920,1080,923,88,923.0,544,1.0,41.06175514626219,6,63.166666666666664,123.0,4.0,0.005720791057717499,48,0.0070023148148148145,0.23858410493827162,0.07422870533485385,45,0.00403718393328104
DANCETRACK,11,dancetrack0034,1920,1080,923,89,905.0,802,0.980498374864572,11.38121546961326,9,11.444444444444445,66.0,2.0,0.002520598701856713,63,0.005114293981481482,0.048206983024691355,0.025016813314899477,85,0.0009557937079037006
DANCETRACK,11,dancetrack0034,1920,1080,923,90,914.0,639,0.9902491874322861,30.087527352297595,22,12.5,83.0,1.0,0.0038787976861998784,34,0.005172646604938272,0.04306761188271605,0.02557289855387469,74,0.0011933420652889045
DANCETRACK,11,dancetrack0034,1920,1080,923,91,923.0,878,1.0,4.8754062838569885,7,6.428571428571429,23.0,3.0,0.0030519759780891866,57,0.008442804783950618,0.06945119598765433,0.030802761343822944,81,0.0012360515030899392
DANCETRACK,12,dancetrack0010,1920,1080,1203,92,1203.0,1201,1.0,0.1662510390689942,1,2.0,2.0,2.0,0.004146084915641124,136,0.01363425925925926,0.14431471836419754,0.0577359109017948,129,0.0035208638760288067
DANCETRACK,12,dancetrack0010,1920,1080,1203,93,1203.0,1203,1.0,0.0,0,0.0,0.0,0.0,0.0034822043729035848,149,0.013773148148148149,0.1533029513888889,0.05468214270137413,134,0.0028470509060259646
DANCETRACK,12,dancetrack0010,1920,1080,1203,94,1203.0,1202,1.0,0.0831255195344971,1,1.0,1.0,1.0,0.003445125690779819,160,0.014806134259259258,0.13092592592592592,0.0483363688797991,149,0.002824409763982689
DANCETRACK,12,dancetrack0010,1920,1080,1203,95,1203.0,1087,1.0,9.642560266001663,6,19.333333333333332,102.0,1.0,0.0032554683284054028,101,0.014307002314814814,0.09146701388888889,0.041465412737657165,132,0.0022526623390002956
DANCETRACK,12,dancetrack0010,1920,1080,1203,96,1203.0,1191,1.0,0.997506234413965,2,6.0,8.0,4.0,0.0036639981844607153,125,0.013792438271604939,0.1441623263888889,0.050092534284914635,127,0.003062544983271086
DANCETRACK,12,dancetrack0010,1920,1080,1203,97,1203.0,1145,1.0,4.8212801330008315,4,14.5,42.0,1.0,0.0032812477380718603,128,0.014710648148148148,0.1103443287037037,0.04208409946290905,131,0.002533459258719675
DANCETRACK,13,dancetrack0077,1920,1080,1203,98,1203.0,1203,1.0,0.0,0,0.0,0.0,0.0,0.0017642601053500882,99,0.010964506172839505,0.06359953703703704,0.026072019748083493,97,0.0009050450092181753
DANCETRACK,13,dancetrack0077,1920,1080,1203,99,1203.0,1203,1.0,0.0,0,0.0,0.0,0.0,0.0016277845824253557,117,0.01173996913580247,0.0673828125,0.030522058007630106,97,0.0009020427630903227
DANCETRACK,13,dancetrack0077,1920,1080,1203,100,1203.0,1203,1.0,0.0,0,0.0,0.0,0.0,0.0015526961017124142,107,0.008618344907407408,0.051944444444444446,0.021845995864248843,116,0.0007314992951562211
DANCETRACK,13,dancetrack0077,1920,1080,1203,101,1203.0,1203,1.0,0.0,0,0.0,0.0,0.0,0.0018653053942299601,110,0.012478298611111112,0.07569444444444444,0.029213979582935663,104,0.001080833480978205
DANCETRACK,13,dancetrack0077,1920,1080,1203,102,1203.0,1203,1.0,0.0,0,0.0,0.0,0.0,0.00166801327890169,94,0.016506558641975307,0.09542341820987654,0.036243410009569696,95,0.0010879485194429039
DANCETRACK,13,dancetrack0077,1920,1080,1203,103,1203.0,1203,1.0,0.0,0,0.0,0.0,0.0,0.0016901032506995582,126,0.01359375,0.07055555555555555,0.026857980835591065,115,0.0008208485150777511
DANCETRACK,13,dancetrack0077,1920,1080,1203,104,1203.0,1203,1.0,0.0,0,0.0,0.0,0.0,0.001947998761266086,120,0.01314525462962963,0.0765480324074074,0.02972573268795603,118,0.0010306330209681395
DANCETRACK,13,dancetrack0077,1920,1080,1203,105,1203.0,1203,1.0,0.0,0,0.0,0.0,0.0,0.0016176265492728944,96,0.006437114197530864,0.051576967592592594,0.022924454071867655,100,0.0007513968488732771
DANCETRACK,13,dancetrack0077,1920,1080,1203,106,1203.0,1203,1.0,0.0,0,0.0,0.0,0.0,0.0016788288185275212,122,0.009103009259259259,0.062102141203703706,0.023273084168436934,108,0.0007734184024568106
DANCETRACK,14,dancetrack0047,1280,720,1203,107,1203.0,1174,1.0,2.4106400665004157,2,14.5,25.0,4.0,0.0025079945359095697,83,0.006968315972222222,0.08125,0.03596629408302574,104,0.0012250471029293358
DANCETRACK,14,dancetrack0047,1280,720,1203,108,1203.0,1194,1.0,0.7481296758104738,3,3.0,4.0,2.0,0.0028097038902129517,100,0.007638888888888889,0.089619140625,0.03536998141750418,134,0.001151727088572227
DANCETRACK,14,dancetrack0047,1280,720,1203,109,1203.0,1140,1.0,5.236907730673317,5,12.6,46.0,2.0,0.003056498293498841,23,0.005277777777777778,0.15494791666666666,0.035892495317068715,108,0.001381719237757292
DANCETRACK,14,dancetrack0047,1280,720,1203,110,1203.0,1121,1.0,6.816292601828762,2,41.0,69.0,13.0,0.0038981099171472365,85,0.007666015625,0.13972981770833334,0.038036709612573105,109,0.0019254101950024805
DANCETRACK,14,dancetrack0047,1280,720,1203,111,1203.0,1203,1.0,0.0,0,0.0,0.0,0.0,0.003075718766302439,140,0.00986328125,0.09394856770833333,0.042330501870324194,132,0.0014062012531198002
DANCETRACK,14,dancetrack0047,1280,720,1203,112,1203.0,1182,1.0,1.7456359102244388,2,10.5,19.0,2.0,0.0028273737314594653,133,0.008096788194444444,0.10321180555555555,0.03618281841188428,108,0.0010895291625505692
DANCETRACK,14,dancetrack0047,1280,720,1203,113,1203.0,1203,1.0,0.0,0,0.0,0.0,0.0,0.002546340382838755,139,0.006728515625,0.132890625,0.03925710896370186,135,0.0013620329687788872
DANCETRACK,14,dancetrack0047,1280,720,1203,114,1203.0,1193,1.0,0.8312551953449709,1,10.0,10.0,10.0,0.0029004353741302192,118,0.008251953125,0.1473415798611111,0.04708141058663965,126,0.0017945965362252982
DANCETRACK,15,dancetrack0035,1920,1080,703,115,703.0,661,1.0,5.974395448079658,4,10.5,26.0,2.0,0.0044815407968241605,76,0.015199652777777777,0.06833767361111111,0.031197208973030015,69,0.0024354467709502433
DANCETRACK,15,dancetrack0035,1920,1080,703,116,703.0,645,1.0,8.250355618776672,7,8.285714285714286,21.0,2.0,0.0050071477431703785,77,0.012826967592592593,0.08086805555555555,0.032951709643267296,75,0.0027783543847289317
DANCETRACK,15,dancetrack0035,1920,1080,703,117,703.0,696,1.0,0.995732574679943,3,2.3333333333333335,4.0,1.0,0.004513970781519717,49,0.013368055555555555,0.06456163194444445,0.03447800537906201,82,0.0024578205491162623
DANCETRACK,15,dancetrack0035,1920,1080,703,118,703.0,689,1.0,1.991465149359886,4,3.5,5.0,3.0,0.004005605884389533,99,0.014143518518518519,0.06043354552469136,0.03179615826972352,74,0.0025033911924885154
DANCETRACK,15,dancetrack0035,1920,1080,703,119,703.0,690,1.0,1.849217638691323,3,4.333333333333333,7.0,1.0,0.004914757369530507,71,0.013888888888888888,0.06522714120370371,0.037963269787752725,93,0.0029170642279919006
DANCETRACK,15,dancetrack0035,1920,1080,703,121,703.0,676,1.0,3.8406827880512093,6,4.5,9.0,1.0,0.00430565753219911,57,0.014966242283950618,0.07732638888888889,0.03305862956228541,58,0.0024795188900320073
DANCETRACK,15,dancetrack0035,1920,1080,703,122,703.0,703,1.0,0.0,0,0.0,0.0,0.0,0.004244264474796713,93,0.015140335648148148,0.06561921296296297,0.032986056231670266,79,0.002419258330475537
DANCETRACK,15,dancetrack0035,1920,1080,703,120,681.0,503,0.968705547652916,26.138032305433185,17,10.470588235294118,30.0,2.0,0.004070141895765427,37,0.015359760802469136,0.061953125,0.031044829594961097,52,0.0021277140665732137
DANCETRACK,16,dancetrack0063,1920,1080,1000,123,1000.0,1000,1.0,0.0,0,0.0,0.0,0.0,0.003132761301903951,113,0.017760416666666667,0.08749228395061728,0.03886561005015433,122,0.002314596618223161
DANCETRACK,16,dancetrack0063,1920,1080,1000,124,1000.0,973,1.0,2.7,3,9.0,14.0,2.0,0.0033910360027913284,106,0.012978395061728395,0.08047743055555556,0.03679212483188053,120,0.0023037001711502312
DANCETRACK,16,dancetrack0063,1920,1080,1000,125,1000.0,941,1.0,5.8999999999999995,4,14.75,36.0,3.0,0.0035294038442957826,100,0.010438368055555555,0.07771315586419753,0.03291825231071489,88,0.002161055600702653
DANCETRACK,16,dancetrack0063,1920,1080,1000,126,1000.0,980,1.0,2.0,4,5.0,8.0,1.0,0.003245890212929127,123,0.01748119212962963,0.08976032021604938,0.04234917091836735,140,0.002952151430030644
DANCETRACK,16,dancetrack0063,1920,1080,1000,127,1000.0,856,1.0,14.399999999999999,6,24.0,88.0,6.0,0.003400217711909234,86,0.009946469907407407,0.06,0.030909654954677224,95,0.0019064005983322502
DANCETRACK,16,dancetrack0063,1920,1080,1000,128,1000.0,960,1.0,4.0,7,5.714285714285714,20.0,2.0,0.003428079587683369,107,0.020069444444444445,0.09369454089506173,0.0375772172590342,107,0.0024009304316481932
DANCETRACK,16,dancetrack0063,1920,1080,1000,129,1000.0,918,1.0,8.200000000000001,3,27.333333333333332,52.0,11.0,0.0035972630565409064,44,0.01289207175925926,0.07290653935185185,0.03297450709321795,102,0.0019366510873150503
DANCETRACK,16,dancetrack0063,1920,1080,1000,130,1000.0,986,1.0,1.4000000000000001,3,4.666666666666667,8.0,1.0,0.0036622224212279255,129,0.015342881944444444,0.0701003086419753,0.039164869711454185,126,0.0026163703625368176
DANCETRACK,17,dancetrack0043,1920,1080,183,131,181.0,130,0.9890710382513661,28.176795580110497,2,25.5,28.0,23.0,0.0031802229291456813,4,0.006307870370370371,0.08323302469135803,0.053882118797483385,5,0.0018272083452962004
DANCETRACK,17,dancetrack0043,1920,1080,183,132,181.0,168,0.9890710382513661,7.18232044198895,3,4.333333333333333,5.0,4.0,0.003954491870150525,20,0.010360243055555555,0.1340108989197531,0.06747208099096119,18,0.0033961417442892002
DANCETRACK,17,dancetrack0043,1920,1080,183,133,163.0,139,0.8907103825136612,14.723926380368098,5,4.8,8.0,1.0,0.002506349752615472,7,0.005873842592592593,0.04676167052469136,0.029848579469757528,19,0.0011557509728931832
DANCETRACK,17,dancetrack0043,1920,1080,183,134,180.0,161,0.9836065573770492,10.555555555555555,4,4.75,8.0,2.0,0.003639964384902633,6,0.008874903549382716,0.07642746913580246,0.032674701422436926,17,0.0014482994550540124
DANCETRACK,17,dancetrack0043,1920,1080,183,135,183.0,178,1.0,2.73224043715847,1,5.0,5.0,5.0,0.002783316260324278,19,0.019560185185185184,0.052806712962962965,0.029195794211229024,19,0.0010912978656622725
DANCETRACK,17,dancetrack0043,1920,1080,183,136,183.0,144,1.0,21.311475409836063,4,9.75,31.0,1.0,0.0028730965065189885,17,0.014455536265432098,0.040368923611111114,0.023045438287680037,21,0.001014653749028749
DANCETRACK,17,dancetrack0043,1920,1080,183,137,183.0,180,1.0,1.639344262295082,2,1.5,2.0,1.0,0.004111688591420805,21,0.012201003086419753,0.1370630787037037,0.06932294881687244,26,0.0026479951203531283
DANCETRACK,17,dancetrack0043,1920,1080,183,138,183.0,183,1.0,0.0,0,0.0,0.0,0.0,0.004051446810658599,23,0.020579185956790123,0.08818383487654322,0.05176980558085407,24,0.0018755008012820513
DANCETRACK,17,dancetrack0043,1920,1080,183,139,32.0,24,0.17486338797814208,25.0,2,4.0,5.0,3.0,0.0026417009278763234,2,0.011499324845679013,0.02491849922839506,0.018655840084876543,3,0.0008205431427804614
DANCETRACK,17,dancetrack0043,1920,1080,183,140,56.0,32,0.30601092896174864,42.857142857142854,4,6.0,8.0,4.0,0.0033287684705741944,4,0.009874131944444444,0.01640625,0.01383468062789352,5,0.000759284149741139
DANCETRACK,17,dancetrack0043,1920,1080,183,141,71.0,47,0.3879781420765027,33.80281690140845,4,6.0,11.0,4.0,0.0070645327938526955,4,0.01036844135802469,0.02820216049382716,0.020661446020488573,5,0.0014588365539452502
DANCETRACK,17,dancetrack0043,1920,1080,183,142,117.0,96,0.639344262295082,17.94871794871795,4,5.25,6.0,4.0,0.002487231386031212,9,0.015974151234567902,0.026412037037037036,0.021535971056777264,9,0.000680880441845354
DANCETRACK,17,dancetrack0043,1920,1080,183,143,183.0,156,1.0,14.754098360655737,3,9.0,15.0,6.0,0.002388245619054429,6,0.009479166666666667,0.04382233796296296,0.026789019839150045,17,0.001124828877937077
DANCETRACK,17,dancetrack0043,1920,1080,183,144,40.0,37,0.2185792349726776,7.5,1,3.0,3.0,3.0,0.0030441705478624036,5,0.016396604938271605,0.022590181327160494,0.019485605397063732,4,0.0008725030006858709
DANCETRACK,18,dancetrack0090,1920,1080,1004,145,1004.0,922,1.0,8.167330677290837,6,13.666666666666666,33.0,2.0,0.0037180954216746677,88,0.009309413580246914,0.09141203703703704,0.03698550029207171,106,0.0020575440510180827
DANCETRACK,18,dancetrack0090,1920,1080,1004,146,1004.0,998,1.0,0.5976095617529881,2,3.0,4.0,2.0,0.003371583447089618,103,0.009705343364197531,0.10625,0.04303597260106633,111,0.0019459332859690184
DANCETRACK,18,dancetrack0090,1920,1080,1004,147,1004.0,993,1.0,1.0956175298804782,1,11.0,11.0,11.0,0.003585566001074337,122,0.011969521604938272,0.0910865162037037,0.03830063142615593,127,0.001871105514641826
DANCETRACK,18,dancetrack0090,1920,1080,1004,148,1004.0,926,1.0,7.768924302788845,10,7.8,21.0,1.0,0.0028659317461054686,83,0.008522376543209876,0.05089988425925926,0.02226480787786977,117,0.000996382841174508
DANCETRACK,18,dancetrack0090,1920,1080,1004,149,1004.0,997,1.0,0.697211155378486,2,3.5,5.0,2.0,0.0038630264795257345,101,0.010479359567901235,0.10758101851851852,0.0452490399439058,100,0.002140313278577272
DANCETRACK,18,dancetrack0090,1920,1080,1004,150,1004.0,972,1.0,3.187250996015936,6,5.333333333333333,12.0,2.0,0.0025164344657761977,77,0.0091796875,0.046040219907407406,0.021847456501962355,122,0.0009312133269125631
DANCETRACK,18,dancetrack0090,1920,1080,1004,151,1004.0,998,1.0,0.5976095617529881,2,3.0,4.0,2.0,0.0034050176388160653,104,0.008772183641975309,0.08820216049382716,0.03824972137562161,114,0.001861390982360662
DANCETRACK,18,dancetrack0090,1920,1080,1004,152,1004.0,887,1.0,11.653386454183266,14,8.357142857142858,20.0,1.0,0.0033952149583088708,17,0.00964891975308642,0.09449074074074074,0.021062481840751875,88,0.0010883450641668757
DANCETRACK,18,dancetrack0090,1920,1080,1004,153,1004.0,959,1.0,4.482071713147411,3,15.0,35.0,1.0,0.002548760901785837,107,0.00824363425925926,0.05863715277777778,0.025423849170142506,105,0.0010329483564331555
DANCETRACK,18,dancetrack0090,1920,1080,1004,154,1004.0,966,1.0,3.7848605577689245,10,3.8,6.0,2.0,0.0036531949327223284,109,0.012901234567901234,0.07971643518518519,0.03460829317552974,111,0.001843319720303205
DANCETRACK,18,dancetrack0090,1920,1080,1004,155,1004.0,902,1.0,10.159362549800797,8,12.75,44.0,1.0,0.0027595874258779366,18,0.007476851851851852,0.03984375,0.017233119965748268,104,0.0008769999854414163
DANCETRACK,18,dancetrack0090,1920,1080,1004,156,1004.0,907,1.0,9.661354581673306,8,12.125,61.0,1.0,0.0033838933524131293,57,0.010060763888888888,0.05756365740740741,0.029040252022166417,100,0.0015335477815932195
DANCETRACK,18,dancetrack0090,1920,1080,1004,157,1000.0,820,0.9960159362549801,18.0,18,10.0,29.0,1.0,0.0034160069960991945,57,0.00865162037037037,0.09948061342592593,0.023809028954004816,81,0.0012819582466573208
DANCETRACK,18,dancetrack0090,1920,1080,1004,158,1004.0,895,1.0,10.856573705179283,13,8.384615384615385,48.0,2.0,0.002657632521378343,33,0.009449266975308642,0.09195601851851852,0.020589839708773018,83,0.0009408013298533433
DANCETRACK,19,dancetrack0041,1440,1080,1003,159,1003.0,994,1.0,0.897308075772682,2,4.5,5.0,4.0,0.002792931819612893,137,0.00753150720164609,0.03824074074074074,0.016376150421044785,103,0.000752709812307552
DANCETRACK,19,dancetrack0041,1440,1080,1003,160,1003.0,987,1.0,1.5952143569292123,4,4.0,9.0,2.0,0.0027150505217077864,131,0.007739197530864198,0.032137988683127575,0.015459445007317345,135,0.0008475002921560279
DANCETRACK,19,dancetrack0041,1440,1080,1003,161,786.0,757,0.7836490528414756,3.689567430025445,13,2.230769230769231,3.0,1.0,0.0027377239383901326,79,0.006172839506172839,0.02385030864197531,0.011175017395936961,89,0.0006073224900385395
DANCETRACK,19,dancetrack0041,1440,1080,1003,162,603.0,578,0.6011964107676969,4.1459369817578775,7,3.5714285714285716,9.0,1.0,0.0023402808260575207,29,0.004948559670781893,0.015912422839506172,0.00843999970630954,76,0.0004713264740284286
DANCETRACK,19,dancetrack0041,1440,1080,1003,163,733.0,646,0.7308075772681955,11.869031377899045,15,5.8,33.0,1.0,0.002693337808060042,30,0.004343492798353909,0.015871913580246914,0.008780360544152684,87,0.0006106914138514053
DANCETRACK,19,dancetrack0041,1440,1080,1003,164,627.0,591,0.6251246261216351,5.741626794258373,7,5.142857142857143,15.0,1.0,0.0024882469856436274,29,0.004809670781893004,0.019151234567901236,0.009044602508129487,73,0.0005787767228150938
DANCETRACK,19,dancetrack0041,1440,1080,1003,165,641.0,619,0.6390827517447657,3.43213728549142,6,3.6666666666666665,8.0,2.0,0.0025376723982477654,59,0.004862397119341564,0.027355324074074074,0.00947864000578392,76,0.0005892050637926672
DANCETRACK,19,dancetrack0041,1440,1080,1003,166,1003.0,746,1.0,25.623130608175476,28,9.178571428571429,45.0,1.0,0.0028416647977991096,37,0.004544753086419753,0.029805812757201646,0.01107748785704829,80,0.000687322202888944
DANCETRACK,19,dancetrack0041,1440,1080,1003,167,596.0,551,0.5942173479561316,7.550335570469799,10,4.5,9.0,1.0,0.002626845271152134,29,0.0059156378600823045,0.024238683127572016,0.009137051134114555,63,0.0006037832023943135
DANCETRACK,19,dancetrack0041,1440,1080,1003,168,655.0,604,0.6530408773678963,7.786259541984733,10,5.1,19.0,1.0,0.0024405232019684207,52,0.005738168724279835,0.029417438271604937,0.010332426740113919,58,0.0005911809692961803
DANCETRACK,19,dancetrack0041,1440,1080,1003,169,771.0,613,0.7686939182452642,20.492866407263293,19,8.31578947368421,43.0,1.0,0.0028943272360664376,55,0.005671296296296297,0.021507201646090535,0.00961532724608785,58,0.000599059196723957
DANCETRACK,19,dancetrack0041,1440,1080,1003,170,760.0,669,0.7577268195413759,11.973684210526315,20,4.55,13.0,1.0,0.002758180510309387,65,0.0060120884773662555,0.023913966049382715,0.009792977664593675,81,0.0006711682730218576
DANCETRACK,19,dancetrack0041,1440,1080,1003,171,920.0,710,0.9172482552342971,22.82608695652174,35,6.0,22.0,1.0,0.0024443538249618447,30,0.004297196502057613,0.027366255144032924,0.00918410113458529,84,0.0005905625496990487
DANCETRACK,19,dancetrack0041,1440,1080,1003,172,931.0,654,0.9282153539381854,29.752953813104188,31,8.935483870967742,83.0,1.0,0.0025534496302175923,43,0.004044495884773663,0.024225180041152265,0.009714915178515245,85,0.0006189579276400785
DANCETRACK,19,dancetrack0041,1440,1080,1003,173,1003.0,973,1.0,2.991026919242273,6,5.0,13.0,1.0,0.003209313734338739,123,0.007273662551440329,0.03348765432098765,0.014779571845169369,113,0.0008966632849413198
DANCETRACK,19,dancetrack0041,1440,1080,1003,174,943.0,665,0.9401794616151545,29.48038176033934,29,9.586206896551724,91.0,1.0,0.0027311766232609213,34,0.0035223765432098766,0.026203703703703705,0.010793587943624493,68,0.0006732330556795082
DANCETRACK,19,dancetrack0041,1440,1080,1003,175,1003.0,941,1.0,6.181455633100698,16,3.875,20.0,1.0,0.00279460363891696,87,0.006788194444444445,0.030792181069958846,0.013354700066254705,112,0.0007598701131687243
DANCETRACK,19,dancetrack0041,1440,1080,1003,176,1003.0,814,1.0,18.843469591226324,22,8.590909090909092,67.0,2.0,0.0026982876400892144,36,0.004834104938271605,0.03406378600823045,0.011312339011991789,105,0.0006454219056079449
DANCETRACK,19,dancetrack0041,1440,1080,1003,177,1002.0,984,0.9990029910269193,1.7964071856287425,5,3.6,8.0,2.0,0.0032857995294413994,88,0.007951388888888888,0.041023662551440326,0.015151758773085418,126,0.000908490898777154
DANCETRACK,19,dancetrack0041,1440,1080,1003,178,1003.0,986,1.0,1.694915254237288,6,2.8333333333333335,10.0,1.0,0.002524142788323983,131,0.0077083333333333335,0.04287294238683127,0.015802727380862944,126,0.0007911574857429342
DANCETRACK,19,dancetrack0041,1440,1080,1003,179,895.0,681,0.8923230309072782,23.910614525139664,29,7.379310344827586,27.0,2.0,0.002574763184093149,32,0.0034799382716049383,0.018057484567901235,0.00786280633811328,80,0.0005461119054103123
DANCETRACK,19,dancetrack0041,1440,1080,1003,180,1003.0,975,1.0,2.7916251246261217,11,2.5454545454545454,6.0,1.0,0.003145813407815899,72,0.007088477366255144,0.03483024691358025,0.013406377941331645,116,0.0008125881985110824
DANCETRACK,20,dancetrack0026,1280,720,302,181,253.0,180,0.8377483443708609,28.85375494071146,11,6.636363636363637,17.0,3.0,0.006122252778177874,17,0.007586805555555556,0.11542100694444445,0.03258945794753086,18,0.0018148301714773435
DANCETRACK,20,dancetrack0026,1280,720,302,182,250.0,198,0.8278145695364238,20.8,8,6.5,24.0,1.0,0.007989679403896712,10,0.010384114583333333,0.10447048611111111,0.03632230508207071,14,0.0025034424792019176
DANCETRACK,20,dancetrack0026,1280,720,302,183,221.0,133,0.7317880794701986,39.81900452488688,8,11.0,39.0,2.0,0.0072427925882805905,6,0.01138671875,0.06532986111111111,0.026906760716896405,19,0.0018592664930555556
DANCETRACK,20,dancetrack0026,1280,720,302,184,302.0,293,1.0,2.980132450331126,3,3.0,4.0,2.0,0.008260029006338222,4,0.011496310763888889,0.12638888888888888,0.05615432502014601,41,0.002815993031773212
DANCETRACK,20,dancetrack0026,1280,720,302,185,247.0,198,0.8178807947019867,19.838056680161944,6,8.166666666666666,19.0,2.0,0.007185953881194038,9,0.004406467013888889,0.12638020833333333,0.03978715102413019,24,0.002311093265298928
DANCETRACK,20,dancetrack0026,1280,720,302,186,302.0,251,1.0,16.887417218543046,10,5.1,10.0,1.0,0.005769059533065809,24,0.013039279513888889,0.05869791666666667,0.0324548247980301,31,0.0017665147569444447
DANCETRACK,20,dancetrack0026,1280,720,302,187,212.0,198,0.7019867549668874,6.60377358490566,3,4.666666666666667,10.0,1.0,0.006410799990719975,31,0.01871527777777778,0.09658420138888889,0.055999759969486536,31,0.00289748241857022
DANCETRACK,20,dancetrack0026,1280,720,302,188,101.0,88,0.3344370860927152,12.871287128712872,10,1.3,2.0,1.0,0.00714483031982109,12,0.009850260416666666,0.058090277777777775,0.022265144116950755,8,0.0020623553240740737
DANCETRACK,20,dancetrack0026,1280,720,302,189,297.0,275,0.9834437086092715,7.4074074074074066,7,3.142857142857143,9.0,1.0,0.005734970901400361,30,0.011111111111111112,0.08782335069444444,0.042002537089646456,31,0.0022181631120742093
DANCETRACK,20,dancetrack0026,1280,720,302,190,302.0,246,1.0,18.543046357615893,14,4.0,18.0,1.0,0.0062117154293760725,18,0.017279730902777776,0.05569986979166667,0.03254100768546748,33,0.002003060338718821
DANCETRACK,20,dancetrack0026,1280,720,302,191,211.0,208,0.6986754966887417,1.4218009478672986,2,1.5,2.0,1.0,0.006353880476377433,40,0.025390625,0.10384765625,0.06354077461438301,35,0.00292872299382716
DANCETRACK,20,dancetrack0026,1280,720,302,192,302.0,254,1.0,15.894039735099339,17,2.823529411764706,12.0,1.0,0.005599579152918987,21,0.013671875,0.06017795138888889,0.030693837830818027,30,0.0017560326430061484
DANCETRACK,20,dancetrack0026,1280,720,302,193,260.0,194,0.8609271523178808,25.384615384615383,13,5.076923076923077,13.0,1.0,0.008250963732859528,11,0.01423611111111111,0.048638237847222224,0.029795967792454178,28,0.0021129675356217617
DANCETRACK,20,dancetrack0026,1280,720,302,194,297.0,215,0.9834437086092715,27.609427609427613,16,5.125,26.0,1.0,0.007153129053944051,14,0.014934895833333333,0.052059461805555554,0.029464031209625326,24,0.0018440298870716512
DANCETRACK,20,dancetrack0026,1280,720,302,195,271.0,235,0.8973509933774835,13.284132841328415,8,4.5,12.0,1.0,0.00848974431248707,10,0.008856336805555556,0.08787326388888889,0.04547623005319149,26,0.0020346164975071222
DANCETRACK,20,dancetrack0026,1280,720,302,196,232.0,157,0.7682119205298014,32.327586206896555,4,18.75,51.0,2.0,0.009688961171883856,11,0.015921223958333335,0.106767578125,0.051036552326610043,19,0.003959835737179488
DANCETRACK,20,dancetrack0026,1280,720,302,197,302.0,275,1.0,8.940397350993377,9,3.0,5.0,1.0,0.006840647235784098,10,0.01025390625,0.098515625,0.049243529040404035,33,0.0025925952326642334
DANCETRACK,20,dancetrack0026,1280,720,302,198,258.0,212,0.8543046357615894,17.829457364341085,3,15.333333333333334,39.0,2.0,0.008020643159239864,2,0.0071875,0.11337673611111111,0.04214669729428721,26,0.002306435953133228
DANCETRACK,20,dancetrack0026,1280,720,302,199,272.0,183,0.9006622516556292,32.720588235294116,14,6.357142857142857,15.0,2.0,0.009426094502019708,24,0.015348307291666667,0.097109375,0.03584490147806618,18,0.0027237389346764346
DANCETRACK,21,dancetrack0025,1280,720,803,200,803.0,803,1.0,0.0,0,0.0,0.0,0.0,0.003362240036240871,91,0.006906467013888889,0.048878038194444445,0.02290788206335617,97,0.0014513575003463563
DANCETRACK,21,dancetrack0025,1280,720,803,201,803.0,803,1.0,0.0,0,0.0,0.0,0.0,0.0028454114838909975,99,0.00927734375,0.05371527777777778,0.023925374517867026,91,0.0012883779050637295
DANCETRACK,21,dancetrack0025,1280,720,803,202,803.0,801,1.0,0.24906600249066002,1,2.0,2.0,2.0,0.0027633219459734727,99,0.0044921875,0.03644965277777778,0.015875567053769597,81,0.0010127875434027779
DANCETRACK,21,dancetrack0025,1280,720,803,203,803.0,803,1.0,0.0,0,0.0,0.0,0.0,0.0031663950504720348,95,0.0057421875,0.05258680555555555,0.02472255598579978,94,0.0015025681780791078
DANCETRACK,21,dancetrack0025,1280,720,803,204,803.0,750,1.0,6.60024906600249,6,8.833333333333334,17.0,3.0,0.0031997936359832863,67,0.005277777777777778,0.027591145833333334,0.014336089409722223,93,0.0009276112362780003
DANCETRACK,21,dancetrack0025,1280,720,803,205,803.0,803,1.0,0.0,0,0.0,0.0,0.0,0.002876617938420241,98,0.005738932291666667,0.042046440972222224,0.01892585827236405,87,0.0012409081463009143
DANCETRACK,21,dancetrack0025,1280,720,803,206,795.0,714,0.9900373599003736,10.18867924528302,8,10.125,34.0,2.0,0.0026200637963072954,77,0.0049479166666666664,0.03212456597222222,0.013823286258948023,76,0.0009067619458080099
DANCETRACK,21,dancetrack0025,1280,720,803,207,803.0,803,1.0,0.0,0,0.0,0.0,0.0,0.00291377654591579,90,0.004774305555555556,0.04524848090277778,0.019299378902466444,84,0.0011939119215849266
DANCETRACK,21,dancetrack0025,1280,720,803,208,803.0,799,1.0,0.49813200498132004,2,2.0,2.0,2.0,0.002555316965541951,82,0.005374348958333333,0.0357421875,0.01614875039111389,108,0.0009135142543859649
DANCETRACK,22,dancetrack0079,1920,1080,1202,209,577.0,577,0.4800332778702163,0.0,0,0.0,0.0,0.0,0.002569553854288777,80,0.005736400462962963,0.021219135802469136,0.011194095416907374,63,0.0006990358957047325
DANCETRACK,22,dancetrack0079,1920,1080,1202,210,581.0,574,0.48336106489184694,1.2048192771084338,2,3.5,4.0,3.0,0.002310530315798835,61,0.005160108024691358,0.019984567901234568,0.010487356231449219,71,0.000660416565671256
DANCETRACK,22,dancetrack0079,1920,1080,1202,211,869.0,869,0.7229617304492513,0.0,0,0.0,0.0,0.0,0.0018777428889243455,114,0.003880208333333333,0.019700038580246913,0.010999152366669509,101,0.0006060915676381067
DANCETRACK,22,dancetrack0079,1920,1080,1202,212,838.0,838,0.697171381031614,0.0,0,0.0,0.0,0.0,0.0018644201493635292,98,0.004215856481481482,0.016481481481481482,0.008859872560881287,98,0.0004421177605572518
DANCETRACK,22,dancetrack0079,1920,1080,1202,213,571.0,567,0.4750415973377704,0.7005253940455342,1,4.0,4.0,4.0,0.002250549259990253,58,0.004195601851851852,0.02078269675925926,0.010740181939545367,64,0.0006494193877328448
DANCETRACK,22,dancetrack0079,1920,1080,1202,214,838.0,838,0.697171381031614,0.0,0,0.0,0.0,0.0,0.002000208204881976,111,0.0035170717592592593,0.020464409722222222,0.01017538819647014,107,0.0005844112294791805
DANCETRACK,22,dancetrack0079,1920,1080,1202,215,1202.0,1202,1.0,0.0,0,0.0,0.0,0.0,0.0018212908457344399,148,0.0028014081790123458,0.018621238425925925,0.007949729890126536,145,0.0004802485839989309
DANCETRACK,22,dancetrack0079,1920,1080,1202,216,839.0,839,0.6980033277870217,0.0,0,0.0,0.0,0.0,0.0019957937789855597,107,0.004230324074074074,0.02048996913580247,0.011370920794155298,101,0.0006101468351306757
DANCETRACK,22,dancetrack0079,1920,1080,1202,217,833.0,833,0.6930116472545758,0.0,0,0.0,0.0,0.0,0.002072037208875387,107,0.003660300925925926,0.020662615740740742,0.010636946329457709,102,0.0005583308293269231
DANCETRACK,22,dancetrack0079,1920,1080,1202,218,830.0,830,0.6905158069883528,0.0,0,0.0,0.0,0.0,0.0017808276683901223,106,0.003410493827160494,0.01562451774691358,0.00748741842369478,106,0.0004557559261865404
DANCETRACK,22,dancetrack0079,1920,1080,1202,219,821.0,821,0.6830282861896838,0.0,0,0.0,0.0,0.0,0.0015876985167385365,91,0.003377218364197531,0.022996720679012345,0.009207977135682171,83,0.00048479079625865696
DANCETRACK,22,dancetrack0079,1920,1080,1202,220,819.0,819,0.6813643926788685,0.0,0,0.0,0.0,0.0,0.001751450433575973,101,0.003919270833333334,0.021569251543209877,0.008558006154939025,97,0.0005057195923511123
DANCETRACK,22,dancetrack0079,1920,1080,1202,221,847.0,847,0.7046589018302829,0.0,0,0.0,0.0,0.0,0.0022156377973937542,111,0.0024932484567901235,0.021650752314814815,0.011016360051634673,94,0.000627838224724922
DANCETRACK,22,dancetrack0079,1920,1080,1202,222,816.0,816,0.6788685524126455,0.0,0,0.0,0.0,0.0,0.0014193382179495141,103,0.0029369212962962964,0.014778163580246913,0.00718500599506778,88,0.0003608412860713475
DANCETRACK,22,dancetrack0079,1920,1080,1202,223,814.0,814,0.6772046589018302,0.0,0,0.0,0.0,0.0,0.0015352090097014947,95,0.003883101851851852,0.017037037037037038,0.007975550716436132,109,0.00038902104877530256
DANCETRACK,22,dancetrack0079,1920,1080,1202,224,815.0,815,0.6780366056572379,0.0,0,0.0,0.0,0.0,0.001927077539699761,106,0.004823013117283951,0.025441743827160492,0.010652104990343103,92,0.000662632921747505
DANCETRACK,22,dancetrack0079,1920,1080,1202,225,812.0,812,0.6755407653910149,0.0,0,0.0,0.0,0.0,0.0017729938091276098,104,0.004918981481481482,0.02240162037037037,0.009878341562519004,87,0.0005155713634668371
DANCETRACK,22,dancetrack0079,1920,1080,1202,226,812.0,812,0.6755407653910149,0.0,0,0.0,0.0,0.0,0.0016339205355530191,101,0.0025655864197530864,0.019000771604938273,0.006490178072546069,87,0.00043146190593079724
DANCETRACK,23,dancetrack0007,1920,1080,1203,227,1203.0,1191,1.0,0.997506234413965,4,3.0,8.0,1.0,0.002068533965222646,118,0.012912326388888888,0.06249807098765432,0.029233778399078477,121,0.0012801983640678492
DANCETRACK,23,dancetrack0007,1920,1080,1203,228,1203.0,1142,1.0,5.070656691604322,9,6.777777777777778,25.0,1.0,0.0018749121857217768,87,0.007314814814814815,0.04234375,0.021921831757691728,119,0.000901454434733448
DANCETRACK,23,dancetrack0007,1920,1080,1203,229,1203.0,1198,1.0,0.41562759767248547,3,1.6666666666666667,2.0,1.0,0.002348134244765213,119,0.011935763888888888,0.05649594907407408,0.026174204950637894,143,0.0013050751557391422
DANCETRACK,23,dancetrack0007,1920,1080,1203,230,1203.0,1198,1.0,0.41562759767248547,3,1.6666666666666667,2.0,1.0,0.0021401968340781356,133,0.009717399691358024,0.05738425925925926,0.02363031428409489,131,0.0011897759767216395
DANCETRACK,23,dancetrack0007,1920,1080,1203,231,1203.0,1202,1.0,0.0831255195344971,1,1.0,1.0,1.0,0.0024059321936093243,146,0.013040123456790124,0.05936053240740741,0.02574793401493909,114,0.0012880245114667817
DANCETRACK,23,dancetrack0007,1920,1080,1203,232,1203.0,1135,1.0,5.652535328345802,2,34.0,45.0,23.0,0.0019372481673514883,126,0.008757716049382715,0.06047646604938271,0.022625100699543158,134,0.0011674466918969234
DANCETRACK,23,dancetrack0007,1920,1080,1203,233,1203.0,1203,1.0,0.0,0,0.0,0.0,0.0,0.0024036257280947303,123,0.01134837962962963,0.06122685185185185,0.0271298448997106,145,0.001257348140830098
DANCETRACK,23,dancetrack0007,1920,1080,1203,234,1203.0,1202,1.0,0.0831255195344971,1,1.0,1.0,1.0,0.0023060836171768465,133,0.01171875,0.056508969907407405,0.026165294772986382,157,0.0012366655616204603
DANCETRACK,24,dancetrack0094,1920,1080,603,235,603.0,603,1.0,0.0,0,0.0,0.0,0.0,0.0022274339260295296,65,0.00537085262345679,0.04611545138888889,0.024953261438435397,58,0.001114456441491325
DANCETRACK,24,dancetrack0094,1920,1080,603,236,603.0,592,1.0,1.8242122719734661,3,3.6666666666666665,6.0,2.0,0.0023351761938736233,64,0.01037037037037037,0.043506944444444445,0.022800415975871704,59,0.0011838937913872698
DANCETRACK,24,dancetrack0094,1920,1080,603,237,603.0,493,1.0,18.24212271973466,6,18.333333333333332,65.0,1.0,0.0021133466382420372,43,0.008469810956790124,0.03847463348765432,0.017383711466706735,53,0.0009095146181496537
DANCETRACK,24,dancetrack0094,1920,1080,603,238,603.0,603,1.0,0.0,0,0.0,0.0,0.0,0.0022946861372827084,65,0.009633487654320988,0.058798225308641976,0.022978311887066727,70,0.0013445272125322998
DANCETRACK,24,dancetrack0094,1920,1080,603,239,585.0,361,0.9701492537313433,38.2905982905983,6,37.333333333333336,154.0,3.0,0.0021786458888947164,17,0.005827546296296296,0.023697916666666666,0.011968770839745563,38,0.0005926555534122085
DANCETRACK,24,dancetrack0094,1920,1080,603,240,565.0,557,0.9369817578772802,1.415929203539823,2,4.0,5.0,3.0,0.002030691890776085,66,0.006867283950617284,0.035416666666666666,0.013234883573542125,71,0.0007511638258837374
DANCETRACK,24,dancetrack0094,1920,1080,603,241,603.0,544,1.0,9.78441127694859,4,14.75,29.0,3.0,0.0028848050418261925,53,0.011641589506172839,0.061906828703703703,0.02581192537417166,51,0.0014958540444603597
DANCETRACK,24,dancetrack0094,1920,1080,603,242,593.0,463,0.9834162520729685,21.922428330522767,5,26.0,69.0,4.0,0.0027731658496917347,34,0.0069791666666666665,0.04243827160493827,0.01673840259445911,56,0.001136290567714179
DANCETRACK,24,dancetrack0094,1920,1080,603,243,587.0,563,0.9734660033167496,4.088586030664395,5,4.8,7.0,3.0,0.0017019030552514341,35,0.0038126929012345678,0.025514564043209877,0.008965683624158498,51,0.0005144387603795967
DANCETRACK,24,dancetrack0094,1920,1080,603,244,603.0,596,1.0,1.1608623548922055,1,7.0,7.0,7.0,0.0022903213380041495,57,0.006078317901234568,0.07929301697530865,0.02213698884409437,45,0.0011429584565307604
DANCETRACK,24,dancetrack0094,1920,1080,603,245,603.0,597,1.0,0.9950248756218906,1,6.0,6.0,6.0,0.002072907629847551,75,0.006195987654320988,0.04515576774691358,0.013511451127809831,53,0.0008029368241983595
DANCETRACK,24,dancetrack0094,1920,1080,603,246,603.0,263,1.0,56.38474295190713,11,30.90909090909091,246.0,2.0,0.0030043133881015242,21,0.00474537037037037,0.026236979166666667,0.011304690800591467,27,0.0009221875441758552
DANCETRACK,24,dancetrack0094,1920,1080,603,247,571.0,449,0.9469320066334992,21.36602451838879,7,17.428571428571427,89.0,1.0,0.0016712178063366045,17,0.002788387345679012,0.017192322530864196,0.007806435855398829,36,0.0004793143566743827
DANCETRACK,24,dancetrack0094,1920,1080,603,248,598.0,397,0.9917081260364843,33.61204013377927,16,12.5625,31.0,3.0,0.0022125764681315383,26,0.003267746913580247,0.01826678240740741,0.007795945478433934,35,0.000518836123581494
DANCETRACK,24,dancetrack0094,1920,1080,603,249,603.0,377,1.0,37.47927031509121,12,18.833333333333332,75.0,1.0,0.0041936851321821515,8,0.0024430941358024694,0.05810908564814815,0.017829789476700397,34,0.001441100481021802
DANCETRACK,24,dancetrack0094,1920,1080,603,250,603.0,570,1.0,5.472636815920398,5,6.6,14.0,1.0,0.0018027057230043586,21,0.00459104938271605,0.04152488425925926,0.010055958279185618,32,0.000608638991950357
DANCETRACK,24,dancetrack0094,1920,1080,603,251,603.0,254,1.0,57.87728026533997,17,20.529411764705884,67.0,2.0,0.002944871553464184,16,0.003851755401234568,0.030424864969135802,0.007661083922669388,15,0.0005776000494071145
DANCETRACK,24,dancetrack0094,1920,1080,603,252,603.0,531,1.0,11.940298507462686,6,12.0,42.0,1.0,0.0038231621298101715,33,0.0036458333333333334,0.11483699845679013,0.03211753697455302,46,0.0020094567100512463
DANCETRACK,24,dancetrack0094,1920,1080,603,253,603.0,507,1.0,15.92039800995025,8,12.0,61.0,1.0,0.002526449870201388,22,0.00734230324074074,0.0647019675925926,0.01742073642614508,54,0.0009083799193627094
DANCETRACK,24,dancetrack0094,1920,1080,603,254,459.0,343,0.7611940298507462,25.272331154684096,9,12.88888888888889,48.0,3.0,0.003584050694781065,13,0.006004050925925926,0.04192708333333333,0.01621466757999496,24,0.0011360952052198395
DANCETRACK,24,dancetrack0094,1920,1080,603,255,603.0,526,1.0,12.769485903814262,7,11.0,29.0,1.0,0.0018618798265324418,11,0.003969907407407407,0.024402488425925926,0.008216496062761114,39,0.00046125440917107585
DANCETRACK,24,dancetrack0094,1920,1080,603,256,482.0,109,0.7993366500829188,77.38589211618257,6,62.166666666666664,211.0,3.0,0.0030655027712228064,3,0.004182581018518519,0.020848765432098765,0.008866059293238193,15,0.00075301140260631
DANCETRACK,24,dancetrack0094,1920,1080,603,257,575.0,494,0.9535655058043118,14.08695652173913,4,20.25,60.0,3.0,0.0037308808255678647,15,0.0046908757716049385,0.11232687114197532,0.02959371934666617,38,0.0024093305505471663
DANCETRACK,24,dancetrack0094,1920,1080,603,258,571.0,473,0.9469320066334992,17.162872154115586,8,12.25,50.0,1.0,0.0037293770718320215,30,0.004505208333333333,0.11564429012345678,0.03662841573845692,58,0.0018806399089767733
DANCETRACK,24,dancetrack0094,1920,1080,603,259,547.0,484,0.9071310116086235,11.517367458866545,4,15.75,47.0,2.0,0.0021808347858933994,40,0.005792824074074074,0.04691840277777778,0.012122101898084381,46,0.0006550394748613347
DANCETRACK,25,dancetrack0073,1920,1080,703,260,703.0,703,1.0,0.0,0,0.0,0.0,0.0,0.0029332348700543917,87,0.01718846450617284,0.09058015046296296,0.03898203987979207,71,0.0010714399555063134
DANCETRACK,25,dancetrack0073,1920,1080,703,261,702.0,702,0.9985775248933144,0.0,0,0.0,0.0,0.0,0.0040853044410695495,90,0.009788773148148149,0.21485677083333332,0.05348314917035982,54,0.002550962662466318
DANCETRACK,25,dancetrack0073,1920,1080,703,262,703.0,703,1.0,0.0,0,0.0,0.0,0.0,0.0038920471366424205,95,0.03256269290123457,0.3565354938271605,0.0825265383256063,53,0.0023132416530371775
DANCETRACK,25,dancetrack0073,1920,1080,703,263,703.0,702,1.0,0.1422475106685633,1,1.0,1.0,1.0,0.0053430047054539125,75,0.07213252314814815,0.7717110339506172,0.1455039503534874,42,0.005061557783413466
DANCETRACK,25,dancetrack0073,1920,1080,703,264,461.0,461,0.6557610241820768,0.0,0,0.0,0.0,0.0,0.0035203762999946563,61,0.007053433641975308,0.09516782407407408,0.02637984533589085,47,0.0014031489029790658
DANCETRACK,25,dancetrack0073,1920,1080,703,265,703.0,703,1.0,0.0,0,0.0,0.0,0.0,0.004818935589241793,53,0.036779513888888886,0.2566203703703704,0.0830241329597141,63,0.0031393356943125463
DANCETRACK,25,dancetrack0073,1920,1080,703,266,703.0,703,1.0,0.0,0,0.0,0.0,0.0,0.003463130194217757,80,0.029152199074074073,0.17767216435185185,0.059429447951240714,67,0.0017195592509057017
DANCETRACK,25,dancetrack0073,1920,1080,703,267,703.0,601,1.0,14.509246088193455,3,34.0,50.0,5.0,0.0035643035338103818,35,0.018969907407407408,0.07987702546296296,0.039681495507744295,45,0.0014189637988683127
DANCETRACK,25,dancetrack0073,1920,1080,703,268,544.0,530,0.7738264580369844,2.5735294117647056,1,14.0,14.0,14.0,0.0031949831694223583,62,0.010988136574074074,0.15657552083333334,0.036020207314232465,38,0.0016003637045205255
DANCETRACK,25,dancetrack0073,1920,1080,703,269,560.0,560,0.7965860597439545,0.0,0,0.0,0.0,0.0,0.0030277081190014377,71,0.01488136574074074,0.20234567901234568,0.04535416925016534,38,0.0019376307863468716
DANCETRACK,25,dancetrack0073,1920,1080,703,270,661.0,661,0.9402560455192034,0.0,0,0.0,0.0,0.0,0.00351090697799679,57,0.012418981481481482,0.2824397183641975,0.05218189462864907,54,0.002269166637439207
DANCETRACK,25,dancetrack0073,1920,1080,703,271,703.0,617,1.0,12.233285917496444,3,28.666666666666668,79.0,1.0,0.0037524633668634044,55,0.012877604166666667,0.145,0.044483871174490264,73,0.001629241948252365
DANCETRACK,25,dancetrack0073,1920,1080,703,272,626.0,453,0.8904694167852063,27.635782747603834,1,173.0,173.0,173.0,0.003991748781684864,27,0.018070505401234567,0.13263020833333333,0.0445344043397242,48,0.0015568623333879598
DANCETRACK,25,dancetrack0073,1920,1080,703,273,650.0,371,0.9246088193456614,42.92307692307693,2,139.5,215.0,64.0,0.00414825781521904,20,0.012019675925925927,0.062116608796296297,0.028813149156850022,36,0.0012621527777777778
